{"data": [3.439194182990656, 6.725133819017282, 1.062631642014451, 6.082600257030592, 9.786213955690448, 9.61584348710345, 3.2484740834440373, 6.487189019338677, 3.192180449596842, 2.736250824579841, 7.992920652851847, 3.8574832055914454, 4.147924646419816, 9.759554978037542, 7.502495731052247, 7.59858097417367, 9.628765058314594, 6.907975790659988, 9.531775806612844, 2.1700754890083274], "min": 1.062631642014451, "max": 9.786213955690448}