{"data": [7.985557819675542, 3.2364757788252643, 4.684007293178718, 6.865383357113313, 5.676803892907309, 9.402593770009052, 5.721238074023588, 5.936163508029603, 5.781398895570488, 3.3066364345732078, 8.910218258518507, 8.801734662339598, 6.703643946331176, 4.486061455495912, 2.7281774254342372, 1.3396386737176569, 8.837655077165916, 0.8019745404795631, 0.697580728555246, 2.025417967803916], "min": 0.697580728555246, "max": 9.402593770009052}